<assembly xmlns:xsi="http://www.w3.org/2001/XMLSchema-instance"
          xmlns="http://maven.apache.org/ASSEMBLY/2.0.0"
          xsi:schemaLocation="http://maven.apache.org/ASSEMBLY/2.0.0 http://maven.apache.org/xsd/assembly-2.0.0.xsd">
    <id>complete</id>
    <includeBaseDirectory>false</includeBaseDirectory>
    <formats>
        <format>zip</format>
    </formats>
    <fileSets>
        <fileSet>
            <directory>${basedir}</directory>
            <includes>
                <include>resources/**/*</include>
                <include>src/**/*</include>
                <include>vars/**/*</include>
                <include>**/*.md</include>
            </includes>
        </fileSet>
    </fileSets>
</assembly>